{"cameraMode":{"drawMode":0,"name":"Shaded","section":"Shading Mode"},"sceneLighting":false,"audioPlay":false,"sceneViewState":{"m_AlwaysRefresh":false,"showFog":true,"showSkybox":false,"showFlares":true,"showImageEffects":true,"showParticleSystems":false,"showVisualEffectGraphs":true,"m_FxEnabled":false},"in2DMode":false,"pivot":{"x":0.3059999942779541,"y":1.1902246475219727,"z":0.6940000057220459},"rotation":{"x":0.21387916803359986,"y":0.06295743584632874,"z":-0.013814195990562439,"w":0.9747334122657776},"size":0.22724920511245728,"orthographic":true}