{"cameraMode":{"drawMode":0,"name":"Shaded","section":"Shading Mode"},"sceneLighting":true,"audioPlay":false,"sceneViewState":{"m_AlwaysRefresh":false,"showFog":true,"showSkybox":false,"showFlares":true,"showImageEffects":true,"showParticleSystems":false,"showVisualEffectGraphs":true,"m_FxEnabled":false},"in2DMode":false,"pivot":{"x":0.24938088655471803,"y":1.4597539901733399,"z":1.0204761028289796},"rotation":{"x":-0.031949084252119067,"y":0.9630057215690613,"z":-0.1322728544473648,"w":-0.23260383307933808},"size":0.5066288709640503,"orthographic":false}