{"cameraMode":{"drawMode":0,"name":"Shaded","section":"Shading Mode"},"sceneLighting":true,"audioPlay":false,"sceneViewState":{"m_AlwaysRefresh":false,"showFog":true,"showSkybox":false,"showFlares":true,"showImageEffects":true,"showParticleSystems":false,"showVisualEffectGraphs":true,"m_FxEnabled":false},"in2DMode":false,"pivot":{"x":0.04902690649032593,"y":1.3687787055969239,"z":0.5161839723587036},"rotation":{"x":-9.801890428207117e-7,"y":1.0000001192092896,"z":-0.0000028205340640852229,"w":-0.000009195980965159833},"size":0.5912854075431824,"orthographic":true}