{"cameraMode":{"drawMode":0,"name":"Shaded","section":"Shading Mode"},"sceneLighting":false,"audioPlay":false,"sceneViewState":{"m_AlwaysRefresh":false,"showFog":true,"showSkybox":false,"showFlares":true,"showImageEffects":true,"showParticleSystems":false,"showVisualEffectGraphs":true,"m_FxEnabled":false},"in2DMode":false,"pivot":{"x":-0.09709501266479492,"y":0.984348475933075,"z":-3.5687804222106935},"rotation":{"x":0.06012466177344322,"y":0.8892209529876709,"z":-0.12232711911201477,"w":0.43678784370422366},"size":1.2895478010177613,"orthographic":false}