{"cameraMode":{"drawMode":0,"name":"Shaded","section":"Shading Mode"},"sceneLighting":false,"audioPlay":false,"sceneViewState":{"m_AlwaysRefresh":false,"showFog":true,"showSkybox":false,"showFlares":true,"showImageEffects":true,"showParticleSystems":false,"showVisualEffectGraphs":true,"m_FxEnabled":false},"in2DMode":false,"pivot":{"x":0.03566345199942589,"y":0.20013463497161866,"z":-5.119019508361816},"rotation":{"x":0.26205337047576907,"y":0.7140400409698486,"z":-0.33721160888671877,"w":0.5548343062400818},"size":1.3736668825149537,"orthographic":false}