{"cameraMode":{"drawMode":0,"name":"Shaded","section":"Shading Mode"},"sceneLighting":false,"audioPlay":false,"sceneViewState":{"m_AlwaysRefresh":false,"showFog":true,"showSkybox":false,"showFlares":true,"showImageEffects":true,"showParticleSystems":false,"showVisualEffectGraphs":true,"m_FxEnabled":false},"in2DMode":false,"pivot":{"x":0.2218894064426422,"y":1.2166823148727418,"z":0.6789975762367249},"rotation":{"x":-0.010775607079267502,"y":0.9753535389900208,"z":-0.21493521332740785,"w":-0.04891068488359451},"size":0.304427832365036,"orthographic":true}