{"cameraMode":{"drawMode":0,"name":"Shaded","section":"Shading Mode"},"sceneLighting":false,"audioPlay":false,"sceneViewState":{"m_AlwaysRefresh":false,"showFog":true,"showSkybox":false,"showFlares":true,"showImageEffects":true,"showParticleSystems":false,"showVisualEffectGraphs":true,"m_FxEnabled":false},"in2DMode":false,"pivot":{"x":0.30066150426864626,"y":1.2066704034805298,"z":0.6959999799728394},"rotation":{"x":0.5757051706314087,"y":0.27875083684921267,"z":-0.21768613159656526,"w":0.7372130155563355},"size":0.25980326533317568,"orthographic":true}