{"cameraMode":{"drawMode":0,"name":"Shaded","section":"Shading Mode"},"sceneLighting":false,"audioPlay":false,"sceneViewState":{"m_AlwaysRefresh":false,"showFog":true,"showSkybox":false,"showFlares":true,"showImageEffects":true,"showParticleSystems":false,"showVisualEffectGraphs":true,"m_FxEnabled":false},"in2DMode":false,"pivot":{"x":0.06506787985563278,"y":0.9975054264068604,"z":-1.4425185918807984},"rotation":{"x":0.18269477784633637,"y":0.8165292143821716,"z":-0.36632105708122256,"w":0.40717658400535586},"size":1.3455606698989869,"orthographic":false}