{"cameraMode":{"drawMode":0,"name":"Shaded","section":"Shading Mode"},"sceneLighting":false,"audioPlay":false,"sceneViewState":{"m_AlwaysRefresh":false,"showFog":true,"showSkybox":false,"showFlares":true,"showImageEffects":true,"showParticleSystems":false,"showVisualEffectGraphs":true,"m_FxEnabled":false},"in2DMode":false,"pivot":{"x":-0.20577335357666017,"y":1.2344614267349244,"z":-6.326765537261963},"rotation":{"x":0.18269477784633637,"y":0.8165292143821716,"z":-0.36632105708122256,"w":0.40717658400535586},"size":1.2277058362960816,"orthographic":false}