{"cameraMode":{"drawMode":0,"name":"Shaded","section":"Shading Mode"},"sceneLighting":false,"audioPlay":false,"sceneViewState":{"m_AlwaysRefresh":false,"showFog":true,"showSkybox":false,"showFlares":true,"showImageEffects":true,"showParticleSystems":false,"showVisualEffectGraphs":true,"m_FxEnabled":false},"in2DMode":false,"pivot":{"x":0.38143816590309145,"y":1.2576544284820557,"z":0.6536677479743958},"rotation":{"x":-0.03567485511302948,"y":0.9167989492416382,"z":-0.38880571722984316,"w":-0.08412018418312073},"size":0.2474728524684906,"orthographic":true}